,Metoda,Nachylenie linii regresji,Wspolczynnik korelacji,Blad standrardowy,Srednia x,Srednia y,Odchylenie standardowe x,Odchylenie standardowe y,Kwartyle x,Kwartyle y
0,nan,0.030330352132801882,0.8837950766080702,0.00016935548911430358,1099.8331664998332,10.083105327549774,217.0800372559752,7.449819698300137,[937. 937. 937. 937.],[4.4 4.4 4.4 4.4]
1,mean,0.030330352132801875,0.8837950766080699,0.00016600954978219257,1099.8331664998332,10.083105327549774,212.79167185868545,7.302650251426649,[941. 941. 941. 941.],[4.6 4.6 4.6 4.6]
2,interpolate,0.030280786545066322,0.8805067757528874,0.00016854723978735432,1103.0597413700973,10.179154643582345,218.1963460836898,7.503811626008335,[938. 938. 938. 938.],[4.5 4.5 4.5 4.5]
